Sl.No,Name of Lab,State,Status,OSL Code,Recognition Valid Up To,Remarks
1,"AES Laboratories (P) Ltd, Noida",U.P.,Private,8117716,14.02.2027,
2,"Alpha Test House Private Limited, New Delhi",Delhi,Private,8131026,17.05.2027,Suspension revoked w.e.f. 17-11-2017. Suspended w.e.f. 22 May 2017. Suspension revoked w.e.f. 30-01-2017. (Present status operative) Suspended w.e.f. 16 Nov 2016. Suspension revoked w.e.f. 29 Feb 2016. (Present status operative) Suspended w.e.f. 21 Jan 2016.
3,"Anacon Laboratories Pvt Ltd, Nagpur",Maharashtra,Private,7124116,15.12.2026,Suspension revoked w.e.f. 23-08-2024 (Present status operative) Suspended w.e.f. 05- 04-2024. Suspension revoked w.e.f. 07-08-2020 (Present status operative) SUSPENDED W.E.F. 31-01-2020 Suspension revoked w.e.f. 05-11-2019. (Present status operative) Suspended for three months w.e.f. 25-09- 2019. Suspension revoked w.e.f. 09-04-2018. Suspension Cum Deferrment of Renewal of recognition w.e.f. 16- 12-2017 Suspension revoked w.e.f. 21 July 2015. (Present status operative) Suspended w.e.f. 6 July 2015.
4,"Arbro Pharmaceutical Private Ltd, New Delhi",Delhi,Private,8116816,14.01.2026,Suspension revoked w.e.f. 08-01-2025. (Present status operative) Suspended w.e.f. 06- 12-2024
5,"Ashwamedh Engineers & Consultants, Nasik",Maharashtra,Private,7130916,13.05.2027,
6,"Automotive Research Association of India (ARAI), Pune",Maharashtra,Govt.,7106935,11.01.2028,Suspension revoked w.e.f. 07-07-2023. (Present status operative) Suspended w.e.f. 31- 05-2023
7,"AVON food Lab, Delhi",Delhi,Private,8117816,19.02.2027,Suspension revoked w.e.f 14-12-2022. (Present status operative) Suspended w.e.f. 28- 03-2022 Suspension revoked w.e.f 17-01-2017. Suspended w.e.f. 27- 10-2016.
8,Atharva Laboratories. Noida,U.P.,Private,8134206,21.07.2028,Suspension revoked w.e.f. 09-03-2026. (Present status operative) SUSPENDED W.E.F. 19-12-2025 Suspension revoked w.e.f. 22-09-2023. (Present status operative) SUSPENDED W.E.F. 01-08-2023 Suspension revoked w.e.f. 01-02-2022. (Present status operative) SUSPENDED W.E.F. 28-12-2021
9,"Alpha Test House Services LLP, Mohali",Pubjab,Private,9138706,31-12-2026,Suspended w.e.f. 23.04.2026
10,"Aforeserve Labs Private Limited, Gurgaon",Haryana,Private,9140626,06.06.2027,Suspension revoked w.e.f. 08-12-2023. (Present status operative) Suspended w.e.f. 19.10.2023
11,"Accurate Test Solutions LLP, Noida",U.P.,Private,8141226,04.07.2027,
12,"Aadco Testing & Research Laboratory Pvt Ltd, Bulandshahar Road, Ghaziabad",U.P.,Private,8141606,26.07.2027,
13,"Ace Test House Private Limited, New Delhi",Delhi,Private,8161906,26.08.2027,
14,"ACE Test Labs & Metrology Private Limited, Rai, Sonipat",Haryana,Private,9162826,14.11.2027,
15,"ABC Techno Labs India Pvt Ltd, Chennai",Tamilnadu,Private,6164516,04.12.2028,
16,"Atharva Laboratories Pvt Ltd, Noida",U.P.,Private,8165026,23-02-2029,Suspension revoked w.e.f. 18-12-2024. Suspended w.e.f. 07.11.2024.
17,"AA Electro Magnetic Test Laboratory Pvt ltd, Gurgaon",Haryana,Private,8165826,24.09.2026,
18,"Ace Test Lab Private Limited, Delhi",Delhi,Private,8166826,07.01.2027,
19,"AGSS Analytical and Research Lab Pvt Ltd, Delhi",Delhi,Private,8166916,13.01.2027,
20,"Atmy Analytical Labs Pvt. Ltd, Faridabad",Haryana,Private,8167506,25.02.2027,Suspension revoked w.e.f. 26-09-2025. SUSPENDED W.E.F. 08-08-2025.
21,"Arihant Analytical Laboratory Pvt Ltd, Kundli, Sonepat",Haryana,Private,9167906,02.06.2027,
22,"Accurate Labs, Vijayawada",A.P.,Private,6168516,03.08.2027,
23,"AC Test Lab, Coterd Solotions (OPC) Pvt Limited, Greater Noida",U.P.,Private,8170806,15.07.2028,
24,"Amit Test and Calibration Centre, Delhi",Delhi,Private,8172006,16.04.2029,
25,"Analytical Development - R & D, EMAMI Limited, Kolkata",West Bengal,Private,5172106,03.05.2026,
26,"AIC-AMTZ Medivalley Incubation Council (Medivalley laboratory), Visakhapatnam",Andhra Pradesh,Private,6172206,18.05.2026,
27,"ATCC Test Labs LLP, Delhi",Delhi,Private,8172626,15.06.2026,
28,"Accurate Universal Laboratories Private Limited, Ahmedabad",Gujarat,Private,7174006,19.09.2026,
29,"Astute Labs Pvt Ltd, Pune",Maharashtra,Private,7174321,05.11.2026,
30,"Absolute Testing Services, Faridabad",Haryana,Private,8174526,13.11.2026,
31,"Application Research and Development Centre Haldia Petrochemical Limited, Kolkata",West Bengal,Private,5174906,30.11.2026,
32,"Allumera Engineering Solutions Pvt Ltd, New Delhi",Delhi,Private,8175206,13.12.2026,
33,"ARDM Labs Pvt Ltd, New Delh",Delhi,Private,8175706,11.01.2027,
34,"Adarsh Scientific Research Center and Testing Laboratory Pvt. Ltd., Raigad",Maharashtra,Private,7175806,14.01.2027,
35,"ALS Testing Services India Pvt. Ltd., Bangalore",Karnataka,Private,6175606,11.01.2027,
36,"Atmy Analytical Labs Private Limited (Unit-2), Greater Noida",Uttar Pradesh,Private,8176106,08.02.2027,
37,"Accuprec Research Labs. Pvt. Ltd., Ahmedabad.",Gujarat,Private,7176516,28.02.2027,
38,"Advance Firetec and Research Lab Pvt Ltd., New Delhi",Delhi,Private,8176606,03.03.2027,
39,"Absolute Expertise Testing Laboratory LLP, New Delhi",Delhi,Private,8176726,11.03.2027,
40,"Aadco Testing & Research Laboratory Pvt Ltd (Unit-2), Ghaziabad",Uttar Pradesh,Private,8176906,19.03.2027,
41,"ADS Labtech, Ghaziabad",Uttar Pradesh,Private,8178326,15.05.2027,
42,"Adityapur Auto Cluster, Jharkhand",Jharkhand,Private,5178506,28.06.2027,
43,"Ajeo Testing Labs Pvt. Ltd., Ghaziabad",Uttar Pradesh,Private,8178606,10.07.2027,
44,"Aaditech Test and Calibration Lab LLP., Rohini",Delhi,Private,8179926,28.08.2027,
45,"ALAIPURIA TEST HOUSE PRIVATE LIMITED, Ghaziabad",Uttar Pradesh,Private,8180426,03.10.2027,
46,"Advance Electrical Testing And Calibration Lab LLP, Vadodara",Gujarat,Private,7182426,17.11.2027,
47,"Aadit Fire Testing Laboratory Pvt Ltd, Thiruvallur",Tamil Nadu,Private,6182836,27.11.2027,
48,"ABB ELSP LAB, Bengaluru",Karnataka,Private,6184126,05.03.2028,
49,AANKAN CALIBRATION AND TESTING CENTRE LLP,Gujarat,Private,7184406,17.03.2028,
50,"ALPHA TEST HOUSE SERVICES LLP (Unit-1), Mohali",Punjab,Private,9184906,23.04.2028,
51,"AADHAR TESTING SOLUTIONS LLP, Ghaziabad",Delhi,Private,8185026,30.04.2028,
52,"ALPHA TEST HOUSE PVT LTD, Bahadurgarh",Haryana,Private,8185306,06.05.2028,
53,"Atckon Laboratories LLP, Bahadurgarh",Haryana,Private,8186436,17.06.2028,
54,"Akshat Test Lab & Calibration Services, Ghaziabad",UP,Private,8186526,19.06.2028,
55,"ACE Test House Pvt Ltd, New Delhi",Delhi,Private,8187926,07.09.2028,
56,"Accumetrix Testing Solutions Pvt. Ltd., Hoshiarpur",Punjab,Private,9188436,18.09.2028,
57,"ABB Global Industries and Services Pvt. Ltd. - Low voltage breakers and switches testing laboratory, Hyderabad",Telangana,Private,6189726,06.11.2028,Suspended w.e.f. 30.04.2026
58,"ARYAVRAT TEST HOUSE PRIVATE LIMITED, Howrah",West Bengal,Private,5191706,27.11.2028,
59,"ACCURATE TEST SOLUTIONS LLP, Noida",Uttar Pradesh,Private,8192806,07.12.2028,
60,"AADIDEV TEST & RESEARCH CENTRE LLP, North West Delhi",Delhi,Private,8194926,23.12.2028,
61,Agro Tech Aromatics Pvt Ltd,Jammu & Kashmir,Private,9198106,09.04.2029,
62,"Bureau Veritas India Testing Services Private Ltd, Hyderabad",Telangana,Private,6108116,31.03.2027,Suspended w.e.f. 27.02.2026 Suspension revoked w.e.f. 06-11-2020. (Present status operative) Suspended w.e.f. 14.02.2020
63,"Bureau Veritas (India) Private Ltd., Chennai",Tamilnadu,Private,6108016,31.07.2026,Suspension revoked w.e.f. 29-11-2018 (Present status operative) Suspended w.e.f. 13-04-2018.
64,"Bureau Veritas Consumer Products Services(I) P. Ltd, NOIDA",U.P.,Private,8127706,31.12.2026,
65,"Bharat Test House Pvt Ltd, Rai, Sonepat",Haryana,Private,9135626,19.03.2029,Suspension revoked w.e.f. 28-11-2025. (Present status operative) SUSPENDED W.E.F. 21-11-2025. Suspension revoked w.e.f. 14-01-2020. (Present status operative) SUSPENDED W.E.F. 27-08-2019. Suspension revoked w.e.f. 04.05.2018. (Present status operative) Suspended w.e.f. 22.03.2018
66,"Bharat Test House Pvt Ltd, 781, HSIIC, Rai, Sonepat",Haryana,Private,9137826,31.12.2026,Suspension revoked w.e.f. 14-01-2020. (Present status operative) SUSPENDED W.E.F. 27-08-2019. Suspension revoked w.e.f. 04.07.2018. (Present status operative) Suspended w.e.f. 22.03.2018
67,"Bee Pharmo Labs Pvt Ltd, Thane",Maharashtra,Private,7139416,15.03.2027,
68,"Bharti Automation Pvt Ltd (A Testing Division), Gurgaon",Haryana,Private,8141726,05.08.2027,
69,"Bharat Test House Pvt Ltd, Sonepat",Haryana,Private,9168306,26.07.2027,
70,"Bahadurgarh Footwear Development Services Pvt Ltd, Bahadurgarh",Haryana,Private,8168806,02.09.2027,
71,"Bluesky Lab LLP, Ghaziabad",U.P.,Private,8170306,22.05.2028,
72,"Bangalore Analytical Research Center (P) Ltd., Bangalore",Karnataka,Private,6174606,14.11.2026,
73,"Baroda Calibration Services LLP, Vadodara",Gujarat,Private,7175421,21.12.2026,
74,"BISS Labs-Division of ITW India Private Limited, Bangalore",Karnataka,Private,6175936,10.01.2027,
75,"BCH Electric Limited, Faridabad",Haryana,Private,8186026,04.06.2028,
76,"BUNITECH METALLURGICAL SERVICES PRIVATE LIMITED, Ahmadabad",Gujarat,Private,7188906,26.10.2028,
77,"Byte Scientific Research Lab Private Limited, Faridabad",Haryana,Private,8189436,27.10.2028,
78,"Basil Quality Testing lab Private Limited, Gurugram",Haryana,Private,8195736,07.01.2029,.
79,"Cali-labs Pvt Ltd, Bhopal",M.P.,Private,8118116,31.05.2027,Suspension revoked w.e.f. 06.04.2022. (Present status operative) SUSPENDED W.E.F. 18-01-2022
80,"CEG Test House & Research Centre, Jaipur",Rajasthan,Private,8119706,31.12.2026,
81,"Central Electrical Testing Laboratory, Kakkalur",Tamilnadu,Govt.,6104524,31.12.2026,
82,"Central Institute of Plastics Engineering & Technology, Ahmedabad",Gujarat,Govt.,7116134,31.12.2027,
83,"CIPET: Centre for Skilling and Technical Support (CSTS), Amritsar",Punjab,Govt.,9120034,06.01.2027,Suspension revoked w.e.f. 15.12.2023. (Present status operative) Suspended w.e.f. 08.12.2023
84,"Central Institute of Plastics Engineering & Technology, Aurangabad",Maharashtra,Govt.,7123534,31.12.2026,
85,"Central Institute of Plastics Engineering & Technology, Bhopal",M.P.,Govt.,8100534,31.12.2026,
86,"Central Institute of Plastics Engineering & Technology, Bhubaneswar",Orissa,Govt.,5102634,31.12.2026,Suspension revoked w.e.f. 20.09.2024. (Present status operative) SUSPENDED W.E.F. 06-09-2024
87,"Central Institute of Plastics Engineering & Technology, Chennai",Tamilnadu,Govt.,6104634,31.03.2027,
88,"Central Institute of Plastics Engineering & Technology, Guwahati",Assam,Govt.,5117534,31.12.2026,
89,"Central Institute of Plastics Engineering & Technology, Hajipur",Bihar,Govt.,5118334,07.10.2028,Suspension revoked w.e.f. 25-08-2025. (Present status operative) Suspended w.e.f. 02.05.2025
90,"Central Institute of Plastics Engineering & Technology, Haldia",W.B.,Govt.,5116334,14.12.2027,
91,"Central Institute of Plastics Engineering & Technology, Hyderabad",A.P.,Govt.,6111634,23.02.2027,
92,"Central Institute of Plastics Engineering & Technology, Jaipur",Rajasthan,Govt.,8122834,21.02.2029,Suspension revoked w.e.f. 13-01-2025. Suspended w.e.f. 24.10.2025
93,"Central Institute of Petrochemicals Engineering & Technology, Lucknow",U.P.,Govt.,9102534,31.12.2026,
94,"Central Institute of Plastics Engineering & Technology, Mysore",Karnataka,Govt.,6113734,31.12.2026,
95,"Central Institute of Plastics Engineering & Technology, Murthal, Panipat",Haryana,Govt.,9121934,09.08.2028,
96,"Central Institute of Road Transport, Pune",Maharashtra,Govt.,7105101,15.09.2028,
97,"Chennai Mettex Lab Pvt. Ltd, Chennai",Tamilnadu,Private,6120236,02.02.2027,
98,"CPRI, Bangalore",Karnataka,Govt.,6101024,31.12.2026,
99,"CPRI, Bhopal",M.P.,Govt.,8100924,30.06.2027,
100,"CSA India Pvt Ltd, Bangalore",Karnatka,Private,6131326,08.06.2027,
101,"CVR Labs (P) Limited, Chennai",Tamilnadu,Private,6133516,05-04-2028,Suspended w.e.f. 09- 02-2026 Suspension revoked w.e.f. 05-08-2019. (Present status operative) Suspended w.e.f. 20.05.2019.
102,"Conformity Testing labs Pvt Ltd, New Delhi",Delhi,Private,8134626,19-09-2028,
103,"Classic Instrumentation Pvt Ltd, Noida",U.P.,Private,8135126,23.10.2028,Suspension revoked w.e.f. 20-07-2018. (Present status operative) Suspended w.e.f. 25.05.2018.
104,NDDB CALF LIMITED,Gujarat,Govt.,7136414,31.12.2026,
105,"Choksi Laboratories Ltd, Indore",M.P.,Private,8136916,31.12.2026,Suspension revoked w.e.f. 25.05.2021 (Present status operative) Suspended w.e.f. 09- 12-2020. Validity extended upto 31-12-2020 due to COVID-19 situation
106,"C&I Calibration Pvt Ltd, Jaipur",Rajasthan,Private,8137526,17.07.2026,Suspension revoked w.e.f. 19-10-2023. SUSPENDED w.e.f. 10-08-2023. Suspension revoked w.e.f. 22-02-2023. SUSPENDED w.e.f. 24-01-2023.
107,"Centre for Bio-Polymer Science & Technology, A Unit of CIPET, Kochi",Kerala,Govt.,6137634,31.12.2026,
108,"Central Electronics Centre, Indian Institute of Technology, Chennai",Tamilnadu,Govt.,6138124,31.12.2026,Validity extended upto 31-12-2020 due to COVID-19 situation
109,"CQA(V) Laboratory, Ahmednagar",Maharashtra,Govt.,7138534,31.12.2023,SUSPENDED W.E.F. 06-09-2024 Suspension revoked w.e.f. 16-11-2022. SUSPENDED W.E.F. 23-09-2021.
110,"Conformity Testing Labs Pvt Ltd, New Delhi",Delhi,Private,8139626,05.04.2027,
111,"Central Institute of Plastics Engineering & Technology, Madurai",Tamilnadu,Govt.,6139834,22.05.2027,
112,"Central Institute of Plastics Engineering & Technology, Vijayawada",A.P.,Govt.,6141334,06.06.2027,Suspension revoked w.e.f. 11-12-2019 (Present status operative) SUSPENDED W.E.F. 13-09-2019.
113,"CSIR-Central Electro-chemical Research Institute, Karaikudi",Tamilnadu,Govt.,6162524,24.09.2027,
114,"Central institute of Petrochemicals Engineering & Technology (CIPET), Raipur",Chhattisgarh,Govt.,5163604,25.04.2028,
115,"Cosmo Analytical Lab, Noida",U.P.,Private,8167006,13.01.2027,
116,CLRI-CATERS,Tamilnadu,Govt.,6167704,02.05.2027,Suspension revoked w.e.f. 27-12-2024. (Present status operative) Suspended w.e.f 21.10.2024
117,"Chem-Tech Laboratories Private Limited, Pune",Maharashtra,Private,7170010,07.04.2028,
118,"Customer Services & Development Centre, HPCL-Mittal Energy Limited, Noida",U.P.,Private,8171106,28.07.2028,
119,"CIPET:CSTS-Agartala Plastics Testing Laboratory, Agartala",Tripura,Govt.,5173304,20.07.2026,
120,"Central Institute of Petrochemicals Engineering & Technology, Ranchi",Jharkhand,Govt.,5173614,09.08.2026,
121,"Central Institute of Petrochemicals Engineering & Technology, Chandrapur",Maharashtra,Govt.,7173804,10.09.2026,
122,"Cotton Association of India Cotton Testing & Research Laboratory, Mumbai",Maharashtra,Govt.,7174706,20.11.2026,
123,"Central Power Research Institute, Noida",Uttar Pradesh,Govt.,8177224,25.03.2027,
124,"Central Institute of Petrochemicals Engineering & Technology, Dehradun",Uttarakhand,Govt.,9178004,24.04.2027,
125,"Cotton Association of India, Cotton Testing and Research laboratory, Amhedabad",Gujarat,Private,7178936,10.07.2025,
126,"Cotton Association of India, Cotton Testing and Research laboratory, Khargone",MP,Private,8180036,29.08.2025,
127,"Criterion Network Labs, Criterion Networks India Private Limited, Bengaluru",Karnataka,Private,6180226,16.09.2027,
128,"CTL Testing Laboratory Pvt. Ltd. , Jaipur",Rajasthan,Private,8180306,24.09.2027,
129,"Classic Testing & Research Centre, Noida",Uttar Pradesh,Private,8180826,15.10.2027,
130,"COTTON ASSOCIATION OF INDIA, COTTON TESTING AND RESEARCH LABORATORY, BATHINDA",Punjab,Private,9182336,11-11-2025,
131,"COCHIN TEST HOUSE, KOCHI",Kerala,Private,6183816,03.02.2028,
132,"COTTON ASSOCIATION OF INDIA, COTTON TESTING AND RESEARCH LABORATORY, RAJKOT",Gujarat,Private,7186336,22.06.2026,
133,"CEPT Advisory Foundation, Ahmadabad",Gujarat,Private,7186736,08.07.2028,
134,"CIMEC Infralabs Private Limited, Ghaziabad",Uttar Pradesh,Private,8195606,07.01.2029,
135,"COTTON ASSOCIATION OF INDIA, COTTON TESTING AND RESEARCH LABORATORY, JALGAON",Maharashtra,Private,7195836,12.01.2027,
136,"Delhi Test House, Kudli (Sonepat)",Haryana,Private,9127026,23.06.2028,Suspension revoked w.e.f. 26-05-2015 (Present status operative) Suspended w.e.f. 14 May 2015.
137,"Delhi Test House, Azadpur, Delhi",Delhi,Private,8131406,17.06.2027,Suspension revoked w.e.f. 18-11-2019. (Present status operative) SUSPENDED W.E.F. 28-08-2019.
138,"Delhi Test House-2, Kundli, Sonepat",Haryana,Private,9138006,31.12.2026,Suspension revoked w.e.f. 11-07-2023. (Present status operative) Suspended w.e.f. 14-06-2023. Suspension revoked w.e.f. 15-10-2019. (Present status operative) Suspended w.e.f. 19-07-2019.
139,"Darshan Electrical Testing and Research Laboratory, Rajkot",Gujarat,Private,7165436,09.08.2026,
140,"Delhi Analytical Research Laboratory, Delhi",Delhi,Private,8169106,26.10.2027,
141,"Delta Testing and Research Laboratories Private Limited, Delhi",Delhi,Private,9179506,21.08.2027,
142,"Delta Testing and Research Laboratories Private Limited (Unit II), North West",Delhi,Private,8186836,23.07.2028,
143,"DVG Laboratories & Consultants Pvt Ltd, Noida",Uttar Pradesh,Private,8193306,09.12.2028,
144,"DYNAMIC TEST LABORATORIES LLP, Sonipat",Haryana,Private,9197626,15.03.2029,
145,"Edward Food Research and Analysis Centre Limited (efrac) , Kolkata",W.B.,Private,5127516,07.10.2028,
146,"Electronics and Quality Development Centre, Gandhinagar",Gujarat,Govt.,7118234,09.10.2027,Suspension revoked w.e.f. 27-12-2024. (Present status operative) SUSPENDED W.E.F. 06-09-2024
147,"Envirocare Labs (P) Ltd., Thane",Maharashtra,Private,7120616,25.05.2027,
148,"Environmental Laboratory (Unit of Mineral Engineering Services LLP), Bangalore",Karnataka,Private,6130616,20.04.2027,
149,"ERDA, Vadodara",Gujarat,Private,7101125,30.11.2028,
150,"ERTL (E), Kolkata",W.B.,Govt.,5109624,19.04.2027,
151,"ERTL (N), Delhi",Delhi,Govt.,8101924,31.12.2026,
152,"ERTL (W), Mumbai",Maharashtra,Govt.,7108424,31.12.2026,
153,"ETDC, Bangalore",Karnataka,Govt.,6117624,31.12.2026,
154,"ETDC, Chennai",Tamilnadu,Govt.,6101724,06.07.2021,DEFERRED W.E.F. 08-10-2021.
155,"Vimta Labs Limited, Hyderabad",Telangana,Private,6132436,25.10.2027,
156,"Electrical Research & Development Association, Rabale, Navi Mumbai",Maharashtra,Private,7132925,22.12.2027,Suspension revoked w.e.f. 30-09-2025. Present status operative. Suspended W.E.F 30.04.2025
157,"Eurofins Analytical Services India Pvt Limited, Bangalore",Karnataka,Private,6133416,14.03.2028,
158,"Excel Surveyors Pvt Ltd, Kolkata",W.B.,Private,5135906,31.12.2026,Suspension revoked w.e.f. 06-08-2024. Present status operative. Suspended w.e.f. 16.07.2024
159,"ELMEF Testing & Calibration Laboratories Pvt Ltd, Indore",M.P.,Private,8138926,03.01.2027,
160,"Electrical Research and Testing Organisation, Vadodara",Gujarat,Private,7140126,10.06.2027,Suspension revoked w.e.f. 28-05-2025. Present status operative. Suspended W.E.F 30.04.2025
161,"Eskaps (India) Private Limited, Kolkata",W.B.,Private,5141106,08.07.2027,Suspension revoked w.e.f. 13-12-2019. Present status operative. Suspended w.e.f. 26 July 2019
162,"EMC Testing and Compliance LLP, Gurugram",Haryana,Private,8141526,19.07.2027,Suspension revoked w.e.f. 20-01-2021. Present status operative. SUSPENDED W.E.F. 08-12-2020.
163,"EKO PRO Engineers Pvt Ltd, Ghaziabad",U.P.,Private,8164006,27.05.2028,Suspension revoked w.e.f. 19-02-2025. Present status operative. SUSPENDED W.E.F. 30-01-2025.
164,"ELCA Laboratories, Navi Mumabi",Maharashtra,Private,7169736,02.02.2028,
165,"Eureka Analytical Services Pvt Ltd, Bangalore",Karnataka,Private,6171206,02.08.2028,
166,"EAMP Laboratories LLP, Palghar",Maharashtra,Private,7171526,13.09.2025,
167,"Enviro Remediation & Research Laboratory LLP, Thane",Maharashtra,Private,7171806,13.11.2028,
168,"Electrical Power Research Laboratory, Vadodara",Gujarat,Private,7175321,19.12.2026,
169,"Elutech Laboratory and Colibration Services, Jaipur",Rajasthan,Private,9179806,26.08.2027,
170,Eko Pro Engineers Pvt. Ltd. Ghaziabad,Uttar Pradesh,Private,9179706,26.08.2027,
171,"Elenergy Lab Research Pvt. Ltd., Bengaluru",Karnataka,Private,6185426,07.05.2028,
172,Eminent International Testing Center Pvt Ltd. Isnapur,Telangana,Private,6190736,12.11.2028,
173,"Electronic Safety Test Laboratory, EMC Division, SAMEER-Centre for Microwave Research, Navi Mumbai",Maharashtra,Govt.,7192524,03.12.2028,
174,"ELECTROEDGE LABORATORY LLP, North Delhi",Delhi,Private,8197426,11.03.2029,
175,"Dashmesh Test Lab Private Limited, Faridabad",Haryana,Private,8186926,15.07.2028,Suspension revoked w.e.f. 30-03-2026. Present status operative. Suspended w.e.f. 10- 02-2026
176,"FCRI, Palakkad",Kerala,Govt.,6114324,06.12.2028,
177,"FDDI, Noida",U.P.,Govt.,8112814,31.05.2028,Suspension revoked w.e.f. 19-1-2016. Present status operative. Suspended w.e.f. 30- 10-2015
178,"FICCI Research & Analysis Centre, New Delhi",Delhi,Private,8131215,08.06.2027,
179,"Fire Test and Research Laboratory, Sonepat",Haryana,Private,8123835,31.12.2026,Suspension revoked w.e.f. 15-07-20 (Present status operative) Suspended w.e.f. 02- 01-2020. Suspension revoked w.e.f. 10-04-2019 (Present status operative) Suspended w.e.f. 04- 04-2019
180,"FHHL Private Limited, Pune",Maharashtra,Private,7124016,31.12.2026,Suspension revoked w.e.f. 18-04-2019 (Present status operative) Suspended w.e.f. 01- 03-2019.
181,"Fare labs Pvt ltd, Gurgaon",Haryana,Private,8135716,09.03.2029,
182,"Fare labs Pvt ltd, Gurgaon",Haryana,Private,8166516,25.11.2026,
183,"EKO PRO ENGINEERS PVT LTD, Ghaziabad",Uttar Pradesh,Private,8188216,16.09.2028,
184,"GEO-Chem, Mumbai",Maharashtra,Private,7115716,31.12.2026,Suspension revoked w.e.f. 20-07-2023 (Present status operative) Suspended w.e.f. 08.06.2023 Suspension revoked w.e.f. 16-10-2015 (Present status operative) Suspended w.e.f. 04 Aug 2015
185,Ghaziabad Testing Laboratories Pvt Ltd Ghaziabad,U.P.,Private,8125006,30.09.2027,Suspension revoked w.e.f. 27-07-2023 (Present status operative) Suspended w.e.f. 17- 08-2022. Suspension revoked w.e.f. 01-10-2015 Suspended w.e.f. 30 April 2015.
186,"Gujarat Test House, Ahmedabad",Gujarat,Private,7109836,15.07.2027,Suspension revoked w.e.f. 08-05-2024. Suspended w.e.f. 19.09.2023.
187,"Gujarat Testlab Private Limited, Ahmedabad",Gujarat,Private,7137016,31.12.2026,
188,"Granite River Labs India Services Private Limited, Bengaluru",Karnataka,Private,6180326,30.09.2027,
189,"Cotecna Inspection India Private Limited, Gurugram",Haryana,Private,8166106,28.10.2026,Suspension revoked w.e.f. 23-05-2025. Suspended w.e.f. 24.03.2025.
190,"Global Lab and Consultancy Services LLP, Salem",Tamilnadu,Private,6170916,13.07.2028,
191,"Global Compliance Laboratory India, Ghaziabad",Uttar Pradesh,Private,5172706,20.06.2026,
192,GODREJ - NASHIK,Maharashtra,Private,7173406,30.07.2026,
193,"Giga Labs, Bengaluru",Karnataka,Private,6177526,03.04.2027,
194,"Gravitas Laboratories Private Limited, Noida",Uttar Pradesh,Private,8182606,19.11.2027,
195,"Global Testing Laboratory Private limited, Ghaziabad",Uttar Pradesh,Private,8184306,11.03.2028,
196,"Global Technical Services (Central Oil Testing Laboratory), Bhilwara",Rajasthan,Private,8188316,18.09.2028,
197,"GECS LAB PRIVATE LIMITED, Ambala",Haryana,Private,9188536,21.09.2028,
198,"Global Scientific Solution (P) Ltd., North Delhi",Delhi,Private,8189526,30.10.2028,
199,Hi Physix Laboratory India Pvt. Ltd. Pune,Maharashtra,Private,7126926,20.06.2028,Suspension revoked w.e.f. 22-01-2018. Suspended w.e.f. 28- 12-2017. Suspension revoked w.e.f. 23-09-2016. Present status operative
200,"Hindustan Testing Solutions LLP, Ambala Cantt.",Haryana,Private,9122136,12.09.2028,Suspension revoked w.e.f. 12-09-2023. (Present status operative). Suspended w.e.f. 27-06-2023. Suspension revoked w.e.f. 23-10-2018. (Present status operative). Suspended w.e.f. 02- 04-2018.
201,"Hitechlab Healthcare & Research Centre LLP, Ahemdabad",Gujarat,Private,7131116,01.06.2027,
202,"HTH Laboratories Private Limited, Panipat",Haryana,Private,9137406,31.12.2026,Suspension revoked w.e.f. 01.08.2018. (Present status operative) Suspended w.e.f. 20.03.2018
203,"HPCL, Vashi QC Laboratory, Navi Mumbai",Maharashtra,Govt.,7161816,23.08.2027,
204,"Hexiqon Laboratory Private Limited, Ahemdabad",Gujarat,Private,7167306,07.02.2027,
205,"Hasti Engineers LLP, Rajkot",Gujarat,Private,7173706,21.08.2026,
206,"HT Product Services Private Limited, Noida",Uttar Pradesh,Private,8175006,03.12.2026,
207,"Hubert Enviro Care Systems Limited., Chennai",Tamilnadu,Private,6176216,15.02.2027,
208,"Hari Shankar Singhania Elastomer and Tyre Research Institute, HASETRI, MYSORE",Karnataka,Private,6183136,02.12.2027,
209,"Havells India Limited (Havells Research & Development Laboratory), Ghaziabad",Uttar Pradesh,Private,8187226,06.08.2028,
210,"Indian Institute of Packaging, Mumbai",Maharashtra,Govt.,7118404,30.06.2028,
211,"Institute of Autoparts & Hand Tools Technology, Ludhiana",Punjab,Govt.,9126034,17.02.2028,
212,"Interfield Laboratories, Cochin",Kerala,Private,6124716,02.07.2027,
213,"International Centre for Automotive Technology, Gurgaon",Haryana,Private,8123735,31.12.2026,Suspension revoked w.e.f. 30-01-2026. Suspended w.e.f. 21- 11-2025
214,"Interstellar Testing Centre Pvt Ltd, Panchkula",Haryana,Private,9108716,31.07.2028,Suspension revoked w.e.f. 28.12.2015 (Present status operative) Suspended w.e.f. 23- 11-2015
215,"Intertek India Private Limted, Hyderabad",A.P.,Private,6126316,18.03.2028,Suspension revoked w.e.f. 28-10-2019 (Present status operative) Suspended w.e.f. 13- 08-2019.
216,Intertek India Pvt. Ltd.,Delhi,Private,8122426,27.10.2028,
217,"Intertek India Pvt Ltd, Gurgaon",Haryana,Private,8125516,07.12.2027,
218,"Indian Rubber Materials Research Institute, Thane",Maharashtra,Govt.,7119305,30.06.2026,
219,"International Centre for Automotive Tech.(Unit-2), Gurgaon",Haryana,Private,8135535,01.03.2029,Suspension revoked w.e.f. 24-09-2025. (Present status operative) Suspended w.e.f. 18.06.2025
220,"Intertek India Pvt Ltd, New Delhi",Delhi,Private,8136626,27.04.2029,
221,"Institute for Industrial Research & Toxicology, Ghaziabad",U.P.,Private,8163116,17.02.2028,
222,"Inspection Syndicate of India Pvt Ltd, Kolkata",W.B.,Private,5164306,16.10.2028,Suspension revoked w.e.f. 17-02-2026. (Present status operative) Suspended w.e.f. 30- 01-2026 Suspension revoked w.e.f. 13-10-2022. (Present status operative) SUSPENDED W.E.F. 21-04-2022.
223,"IEC Test labs LLP, Bawana, Delhi",Delhi,Private,8165726,07.09.2026,
224,"Intertek India Pvt Ltd, Gurgaon",Haryana,Private,8166336,05.11.2026,Suspension revoked w.e.f. 17-05-2022. (Present status operative) SUSPENDED W.E.F. 10-02-2022.
225,"Intertek India Pvt Ltd, Mumbai",Maharashtra,Private,7170706,06.07.2028,
226,"Indian Testing Laboratory Private Limited, Noida",U.P.,Private,8171306,15.08.2028,Suspension revoked w.e.f. 25-04-2024. (Present status operative) Suspended w.e.f. 19.01.2024
227,"Interstellar Testing Centre Private Limited, Chennai",Tamil Nadu,Private,6173106,07.07.2026,
228,"International Testing Centre, MSME Technology Development Centre, Meerut",U.P.,Govt.,8177804,15.04.2027,
229,IAPMO India Pvt. Ltd. Bangalore,Karnataka,Private,6107716,18.03.2027,Suspension revoked w.e.f. 17-04-2025. (Present status operative) Suspended w.e.f. 17.01.2025
230,"IRCLASS System and Solution Pvt. Ltd., Jaipur",Rajasthan,Private,8179206,06.08.2027,
231,"Indian Rubber Material Research Institute, Tirupati",AP,Private,6179035,22.08.2027,
232,"INDIAN TEST HOUSE PRIVATE LIMITED, Ghaziabad",Uttar Pradesh,Private,8183336,30.12.2027,
233,"International Testing and Compliance (OPC) Private Limited, Faridabad",Haryana,Private,8188026,07.09.2028,
234,"IDMA LABORATORIES LIMITED, PANCHKULA",Haryana,Private,9123236,31.12.2026,Suspension revoked w.e.f. 11-11-2025. (Present status operative)
235,"JBS Testing Solutions Pvt Ltd, Jalandhar",Punjab,Private,9164606,04.12.2028,
236,"Jubilant Pharma and Chemical Lab (OPC) Pvt Ltd, Navi Mumbai",Maharshtra,Private,7169416,12.12.2027,Suspension revoked w.e.f. 01-03-2024. (Present status operative) Suspended w.e.f. 17- 07-2023.
237,"JBS Testing Solution (Unit-2), Jalandhar",Punjab,Private,9172306,22.05.2026,
238,"Jagdamba Laboratories (OPC) Pvt Ltd, Jaipur",Rajasthan,Private,8183216,22.12.2027,
239,"Kailtech Test and Research Centre Pvt. Ltd., Indore",M.P.,Private,8125636,18.12.2027,
240,"Karandikar Laboratories Pvt Ltd, Boisar (E), Palghar, Thane",Maharashtra,Private,7121526,04.03.2028,
241,"Konark Research Foundation, Daman",Daman,Private,7119516,31.12.2026,Suspension revoked w.e.f. 08-08-2019. (Present status operative) Suspended w.e.f. 28- 02-2019. Suspension revoked w.e.f. 29 Feb 2016. (Present status operative) Suspended w.e.f. 03- 02-2016
242,"Kalyani Laboratories Pvt Ltd, Bhubaneswar",Orissa,Private,5134116,11.07.2028,Suspension revoked w.e.f. 28-11-2025. (Present status operative) Suspended w.e.f. 27.08.2025 Suspension revoked w.e.f 29-06-2018. (Present status operative) Suspended with effect from 03-11-2017. Suspension revoked w.e.f. 23-02-2017. (Present status operative) Suspended w.e.f. 15- 11-2016
243,"K C India Test Laboratories LLP, Ghaziabad",U.P.,Private,9140406,06.06.2027,Suspension revoked w.e.f 06-12-2022. (Present status operative) Suspended w.e.f. 19- 10-2022. Suspension revoked w.e.f. 22-07-2020 (Present status operative) SUSPENDED W.E.F. 02-03-2020
244,"Krishna Digital Material Testing Laboratory, Bhopal",M.P.,Private,8168706,19.08.2027,
245,"KSA LABS LLP, Vadodara",Gujarat,Private,7186606,23.06.2028,
246,"KPML Low Voltage Rotating Machine and Hydraulic Laboratory Karad Projects and motors Limited, Karad",Maharashtra,Private,7187626,25.08.2028,
247,"Lucid Laboratories Pvt. Ltd., Hyderabad",A.P.,Private,6121636,19.04.2028,Suspension revoked w.e.f. 29-08-2023. (Present status operative) SUSPENDED W.E.F. 16-03-2023. Suspension revoked w.e.f. 03-06-2019 (Present status operative) SUSPENDED W.E.F. 13-03-2019
248,"Lilaba Analytical Laboratories LLP, Surat",Gujarat,Private,7137216,11.06.2026,Suspension revoked w.e.f. 26-10-2023. (Present status operative) SUSPENDED W.E.F. 19-06-2023. Suspension revoked w.e.f. 15-09-2022.
249,"LANDMARK MATERIAL TESTING AND RESEARCH LABORATORY PVT LTD, Jaipur",Rajasthan,Private,8182036,27.10.2027,
250,"Maarc Labs (P) Ltd, Pune",Maharashtra,Private,7119116,31.12.2026,Suspension revoked w.e.f. 15-10-2025. (Present status operative) SUSPENDED W.E.F. 26-08-2025
251,"MicroChem Silliker Private Ltd., Navi Mumbai",Maharashtra,Private,7123316,31.12.2026,Suspension revoked w.e.f. 26-11-2021. (Present status operative) SUSPENDED W.E.F. 08-10-2021.
252,"Modern Test Center, Ganjam",Orissa,Private,5123116,31.05.2026,
253,"Monarch Biotech (P), Ltd., Chennai",Tamilnadu,Private,6118616,04.10.2028,
254,"MSME Development Institute, Coimbatore",Tamilnadu,Govt.,6105534,14.01.2028,Suspension revoked w.e.f. 01-09-2022. (Present status operative) SUSPENDED W.E.F. 3-8-21.
255,"MSME Testing Centre, Chennai",Tamilnadu,Govt.,6106704,31.12.2026,Suspension revoked w.e.f. 14-05-2019. (Present status operative) SUSPENDED W.E.F. 07-03-2019
256,"MSME Testing Centre, Kolkata",W.B.,Govt.,5108204,31.12.2026,
257,"MSME Testing Centre, Mumbai",Maharashtra,Govt.,7119404,22.07.2027,
258,"MSME Testing Centre, New Delhi",Delhi,Govt.,8101204,31.12.2026,
259,"Mitra S.K. Private Limited, Kolkata",W.B.,Private,5131716,20.07.2027,Deferred w.e.f. 29.04.2025 Suspension revoked w.e.f. 05-10-2016. (Present status operative) Suspended w.e.f. 27- 07-2016
260,"Mananda Test House, Derabassi",Punjab,Private,9134736,02.10.2028,
261,"Matrix Test Labs, Delhi",Delhi,Private,8138626,31.12.2026,
262,"Intertek India Private Limited, Ahemdabad",Gujarat,Private,7166626,02.12.2026,
263,"MATS India Private Limited, Chennai",Tamilnadu,Private,6168016,29.06.2027,Suspension revoked w.e.f. 01-12-2022. SUSPENDED W.E.F. 22-08-2022.
264,"Marquis Technologies Private Limited, Noida",U.P.,Private,8175126,13.12.2026,
265,"Material Testing Laboratory LLP, Delhi",Delhi,Private,8176306,18.02.2027,
266,"MIGHTY TESTING PRIVATE LIMITED, GHAZIABAD",Uttar Pradesh,Private,8185126,04.05.2028,
267,"MICRO ENGINEERING AND TESTING LABORATORY OPC PRIVATE LIMITED, Sonipat",Haryana,Private,9186006,03.06.2028,
268,"Eurofins Consumer Product Testing India Private Limited, Noida",Uttar Pradesh,Private,8187006,28.07.2028,
269,"MS TESTING LABORATORY LLP, Ghaziabad",Uttar Pradesh,Private,8187716,27.08.2028,
270,"MBIS Tescon Private Limited, Delhi",Delhi,Private,8190506,10.11.2028,
271,"Mysore ESDM Cluster, Mysuru",Karnataka,Private,6188826,12.10.2028,
272,"MEKANIKA TESTING LABS LLP, Ghaziabad",Uttar Pradesh,Private,8191236,20.11.2028,
273,"MORBI TEST HOUSE LLP, Morbi",Gujarat,Private,7195306,01.01.2029,
274,"National Test House (NR), Ghaziabad",U.P.,Govt.,8101304,26.10.2028,
275,"National Test House (ER), Kolkata",W.B.,Govt.,5123904,08.04.2027,
276,"National Test House (NWR), Jaipur",Rajasthan,Govt.,8122904,31.12.2026,
277,"National Test House (SR), Chennai",Tamilnadu,Govt.,6122704,28.11.2028,
278,"National Test House (WR), Mumbai",Maharashtra,Govt.,7107604,24.07.2028,
279,"NaWal Analytical Labs India Private Limited, Hosur",Tamilnadu,Private,6126416,21.03.2028,Suspension revoked w.e.f. 22.05.2024. Present status operative) SUSPENDED W.E.F. 14-12-2023 Suspension revoked w.e.f. 23 Dec 2015. Present status operative)
280,"NCCBM, Hyderabad",Telangana,Govt.,6114835,14.08.2027,
281,"NCCBM, Ballabhgarh",Haryana,Govt.,9102335,15.05.2027,
282,"NSIC Technical Services, Rajkot",Gujarat,Govt.,7104734,14.06.2028,
283,"NSIC, Rajpura",Punjab,Govt.,9111924,31.12.2026,
284,"National Institute of Secondary Steel Technology, Punjab",Punjab,Govt.,9135004,24.10.2028,
285,"National Research & Technology Consortium, Parwanoo, Solan",H.P.,Govt.,9136024,10.04.2026,
286,"Nemko India (Test lab) Pvt. Ltd, Faridabad",Haryana,Private,8138426,31.12.2026,Suspension revoked w.e.f. 20-07-2022. (Present status operative) SUSPENDED W.E.F. 13-04-2022.
287,"National Test House-ER, Kolkata",W.B.,Govt.,5140804,14.06.2027,
288,"Nextron International Lab Pvt Ltd, Bawana, Delhi",Delhi,Private,9140226,06.06.2027,Suspension revoked w.e.f. 15-11-2019. Present status operative) SUSPENDED W.E.F. 02-08-2019.
289,"National Test House (NER), Guwahati",Assam,Govt.,5169204,13.12.2027,
290,"NBML Building Materials Testing Lab LLP, Raipur",Chhattisgarh,Private,5171706,29.09.2028,
291,"Northern Centre for Research and Testing Pvt Ltd, New Delhi",Delhi,Private,8174806,23.11.2026,
292,"NIIRT Calibration and Testing Private Limited, Panchkula",Haryana,Private,9176026,06.02.2027,Suspension revoked w.e.f. 29-01-2026 Suspended w.e.f. 26.12.2025
293,"Novateur Electrical and Digital Systems Pvt. Ltd., Nashik",Maharashtra,Private,7176426,21.02.2027,
294,"National Commodities Management Services Limited-CommgradeTesting Services Regional Laboratory (N), Gurgaon",Haryana,Private,8178406,17.05.2027,
295,"NDL Power Limited, Sampla",Haryana,Private,9182206,10.11.2027,
296,"National Soil Testing and Research laboratories, Panchkula",Haryana,Private,9182936,28.11.2027,
297,"NATIONAL TESTING BUREAU, Ghaziabad",Uttar Pradesh,Private,8186826,09.07.2028,SUSPENDED W.E.F. 18.03.2026
298,"NayraLaboratories (India)LLP, Delhi",Delhi,Private,8188136,09.09.2028,
299,"OPTIMAS TESTING SERVICES, OPTIMAS OE SOLUTIONS INDIA PRIVATE LIMITED, Pune",Maharashtra,Private,7187406,19.08.2028,
300,"OMRESEARCH & TESTING LABORATORY PRIVATE LIMITED, Ranchi",Jharkhand,Private,5197706,17.03.2029,
301,"Planet Analysis Pvt. Ltd., Kanpur",Uttar Pradesh,Private,9125906,20.01.2028,Suspension revoked w.e.f. 19-10-2022. (Present status operative) SUSPENDED W.E.F. 14-06-2022
302,"Punjab Biotechnology Incubator, Mohali",Punjab,Govt.,9121314,18.02.2028,Revoked w.e.f. 16- 04-2021 (Present status oprative) SUSPENDED W.E.F. 28-09-2020
303,"Pump Testing Laboratory, Ludhiana",Punjab,Govt.,9133933,15.05.2028,Revoked w.e.f. 31- 07-2023 (Present status oprative) SUSPENDED W.E.F. 31-08-2021.
304,"Plastics Testing Centre (PTC), CIPET: CSTS-Baddi, Solan",Himachal Pradesh,Govt.,9163904,16.05.2028,
305,"Pulp & Paper Research Institute, Rayagada",Odisha,Private,5169006,13-10-2027,
306,"Poweronic Test and Research Centre Pvt Ltd, Noida",U.P.,Private,8170206,11-04-2028,
307,"Precise Analytics Lab. (A Div of Meyer Organics Pvt.Ltd.), Thane",Maharashtra,Private,7171406,23.08.2028,
308,"Perficio Testing and Research Centre, Vadodara",Gujarat,Private,7172436,28.05.2026,
309,"Precision Laboratories LLP, Ahmedabad",Gujarat,Private,7174106,31.10.2026,Suspension revoked w.e.f. 05-01-2026. Suspended w.e.f. 25.08.2025
310,"Planet Electro Labs Private Limited, Delhi",Delhi,Private,8174226,05.11.2026,
311,"Pioneer Testing Laboratory Private Limited, New Delhi",Delhi,Private,8176806,10.03.2027,
312,"Pious laboratories Pvt. Ltd., Indore",M.P,Private,8183516,07.01.2028,
313,"PIBCO LIMITED R&D CENTRE, New Delhi",Delhi,Private,8184506,23.03.2028,
314,"Planet Electro Labs Private Limited, NEW DELHI",Delhi,Private,8185226,07.05.2028,
315,"PAAM Testing Labs Private Limited, Noida",Uttar Pradesh,Private,8185506,07.05.2028,
316,"Plastics Woven Bag Testing LabTechnical Training & Research Centre - TTRC, Kanpur",Uttar Pradesh,Private,9187136,30.07.2028,
317,"POLYMER TESTING LABORATORY, CIPET:SARPAPDDRL, Bangalore",Karnataka,Govt.,6187504,25.08.2028,
318,"Perfect International Testing Lab, Ghaziabad",Uttar Pradesh,Private,8187826,01.09.2028,
319,"PROMINENT TESTING CENTRE LLP, Patiala",Punjab,Private,9189006,26.10.2028,
320,"PUMP TEST LAB KSB LIMITED, Nashik",Maharashtra,Private,7196526,02.02.2029,
321,"PADKONDE M S TESTING LABORATORY LLP, Pune",Maharashtra,Private,7197106,22.02.2029,
322,"Qualichem Laboratories, Nagpur",Maharashtra,Private,7134016,12.07.2025,Deferred w.e.f. 22.07.2025
323,"QA Testing Laboratories Private Limited, Noida",U.P.,Private,8169906,05.04.2028,
324,"QVC Certification Services Pvt. Ltd, Ambala",Haryana,Private,9171906,12.01.2029,
325,"Quality Testing & Research Lab, Ghaziabad",Uttar Pradesh,Private,8184006,23.02.2028,
326,QA TESTING LABORATORIES PRIVATE LIMITED LUCKNOW,Uttar Pradesh,Private,9192006,02.12.2028,
327,"QUALITY INTERNATIONAL RESEARCH & LABORATORIES PRIVATE LIMITED, Raipur",Chhattisgarh,Private,5197006,22.02.2029,
328,"React Compliance and Testing Laboratories LLP, Bangalore",Karnataka,Private,6130526,10.03.2027,
329,"Research and Development Centre for Bicycle and Sewing Machine, Ludhiana",Punjab,Govt.,9100634,31.12.2026,
330,"RITES Easter Regional Laboratory, Kolkata",W.B.,Govt.,5135804,19.03.2026,
331,"Renewable Energy Test Centre, Murthal, Sonepat",Haryana,Govt.,9137734,31.12.2026,Suspension revoked w.e.f. 16-07-2019. Suspended w.e.f. 27- 02-2019.
332,"RTC cum Technology Back up Unit for Solar Thermal Devices, Pune",Maharashtra,Govt.,7165924,26-10-2026,
333,"Rajkot Engineering Testing and Research Centre, Rajkot",Gujarat,Private,7167626,25-03-2027,Suspension revoked w.e.f. 28-05-2025. Present status operative. Suspended w.e.f. 28.11.2024.
334,"Robust Testing Solutions Private Limited, Alwar",Rajasthan,Private,8173526,02.08.2026,
335,"RTRC Limited, Gurugram",Haryana,Private,9177406,03.04.2027,
336,"Rohan Energy Solutions Pvt Ltd ( Testing Laboratory Division), Nashik",Maharashtra,Private,7183416,05.01.2028,
337,"RAMCO RESEARCH AND DEVELOPMENT CENTRE, Chennai",Tamil Nadu,Private,6183606,12.01.2028,
338,"Rajkot Metlab Services LLP, Rajkot",Gujarat,Private,7183706,12.01.2028,Suspended w.e.f. 17.03.2026.
339,"RAHUL ENGINEERS LABORATORY PRIVATE LIMITED, Udaipur",Rajasthan,Private,8189106,26.10.2028,
340,RAMCO INDUSTRIES LIMITED (MATERIAL TESTING LABORATORY),Tamil Nadu,Private,6198036,01.04.2026,
341,TUV SUD SOUTH ASIA PRIVATE LIMITED RANIPET,Tamil Nadu,Private,6191806,01.12.2028,
342,"S.B. Steel Company, Howrah",W.B.,Private,5120906,06.09.2027,Suspension revoked w.e.f. 13-10-2022. (Present status operative) SUSPENDED W.E.F. 04-07-2022 Suspension revoked w.e.f 03-09-2020 (Present status operative) SUSPENDED W.E.F. 24-06-2020.
343,"TERAWATT TESTING AND RESEARCH INSTITUTE PRIVATE LIMITED, Alwar",Rajasthan,Private,8197526,12.03.2029,
344,"SGS India Ltd, Chennai",Tamilnadu,Private,6114716,14.02.2028,
345,"Shiva Analyticals (India) Private Limited, Bangalore",Karnataka,Private,6121716,21.04.2028,
346,"Shri Krishna Test House, New Modern Shahdara",Delhi,Private,8122336,05.10.2028,Suspension revoked w.e.f. 08-01-2026. Suspended w.e.f. 18- 06-2025.
347,"Shriram Research Institute, Bangalore",Karnataka,Private,6104206,14.02.2027,
348,"SIIR, Delhi",Delhi,Private,8102006,31.12.2026,
349,"Sipra labs (P) Ltd, Hyderabad",Telangana,Private,6117916,31.03.2027,Suspended w.e.f. 16.01.2026 Suspnsion revoked w.e.f. 29-06-2018. (Present status operative) Suspended w.e.f. 09- 04-2018 and deferment of renewal of recognition w.e.f. 01-04-2018.
350,"Spectro Analytical Labs Private Limited, Greater Noida",Uttar Pradesh,Private,8130426,04.01.2027,Suspension revoked w.e.f. 22 May 2015. (Present status operative) Suspended w.e.f. 14 May 2015
351,"Sun-Tech, Ranchi",Jharkhand,Private,5126636,11.04.2028,
352,"SMS Labs Services Pvt Ltd, Chennai",Tamilnadu,Private,6132316,08.10.2027,Suspension revoked w.e.f. 27-07-2020. Present status operative SUSPENDED W.E.F. 14-02-2020
353,"SGS India Private Limited, Bengaluru",Karnataka,Private,6132626,17.11.2027,Suspension revoked w.e.f. 22-12-2017. Present status operative. Suspended w.e.f. 29-11-2017.
354,"SGS India Private Limited, Kolkata",W.B.,Private,5132706,08.12.2027,Suspension Revoked w.e.f. 28-03-2023. Present status operative. SUSPENDED w.e.f. 10-01-2023. Partial suspension revoked w.e.f. 14.03.2018. Partial suspended for IS 13428 & 14543 w.e.f. 19-01-2018. Suspension revoked w.e.f. 25-10-2016. Present status operative. Suspended w.e.f. 09- 09-2016
355,"Saturn Quality Certifications Pvt Ltd, Bahadurgarh",Haryana,Private,8133016,03.02.2028,
356,"SGS India Pvt Ltd, Gurgaon",Haryana,Private,8136216,31.12.2026,
357,"S M Consultants, Bhubaneswar",Orissa,Private,5137936,31.12.2026,
358,"Sunren Telecom Laboratory, Navi Mumbai",Maharashtra,Private,7139526,15.03.2027,
359,"Sleen India Biz Venture Private Limited, Agra",U.P.,Private,9139736,15.05.2027,Suspension revoked w.e.f. 28.02.2025 (Present status operative) SUSPENDED W.E.F. 19-12-2024 Suspension revoked w.e.f. 11.09.2023 (Present status operative) SUSPENDED W.E.F. 10-04-2023
360,"Star Wire (India) Laboratories Private Ltd., Faridabad",Haryana,Private,8141826,17.09.2027,Suspension revoked w.e.f. 08-02-2023 SUSPENDED W.E.F. 06-12-2022 Suspension revoked w.e.f. 13 JULY 2020. (Present status operative) SUSPENDED W.E.F. 13-05-2020
361,"SGS India Private Limited, Consumer and Retail Testing Laboratory, Chennai",Tamilnadu,Private,6162436,26.09.2027,
362,"Sierra Aircon Pvt Ltd, Gurgaon",Haryana,Private,8163426,31.03.2028,Suspension revoked w.e.f. 25.08.2025 (Present status operative) Suspended w.e.f. 02.05.2025
363,"Swastik Electronics Testing Centre (OPC) Pvt. Ltd., Ghaziabad",U.P.,Private,8163826,15.05.2028,
364,"SGS India Pvt Ltd, Gurgaon",Haryana,Private,8167436,16.02.2027,
365,"Standard Testing Laboratory Private Limited, Delhi",Delhi,Private,8170106,10.04.2028,Suspension revoked w.e.f. 24.01.2024 (Present status operative) Suspended w.e.f. 08.12.2023
366,"SKC Compliance Lab Private Limited, Bengaluru",Karnataka,Private,6170406,24.05.2028,
367,"Stellar Test House, Noida",U.P,Private,8171606,26.09.2025,
368,"Shiva Test House Private Limited, Ghaziabad",U.P.,Private,8177706,11.04.2027,
369,"Lauritz Knudsen Switchgear Testing Laboratories, MSW, SEIPL, Mumbai",Maharashtra,Private,7177626,11.04.2027,
370,"Standard Testing and Compliance Private Limited, Faridabad.",Haryana,Private,6178726,10.07.2027,
371,"Shriram Food and Pharma Research Centre, Ghaziabad",Uttar Pradesh,Private,9179606,20.08.2027,
372,"STAR LABS TEST CENTRE LLP, Jaipur",Rajasthan,Private,8180526,07.10.2027,
373,"Shri Bajrang Testing Labs, Noida",Uttar Pradesh,Private,8183006,01.12.2027,Suspended w.e.f. 24.03.2026
374,"SNEHA TEST HOUSE PRIVATE LIMITED, Bengaluru",Karnataka,Private,6184216,12.03.2028,
375,"Switchgear Testing Laboratories, Schneider Electric India Private Limited, Ahmednagar",Maharashtra,Private,7184626,24.03.2028,
376,Samridhi Test House Pvt. Ltd. North Delhi,Delhi,Private,8184706,08.04.2028,
377,"SHRI KRISHNA TEST HOUSE PVT LTD, New Delhi",Delhi,Private,8185606,12.05.2028,Suspension revoked w.e.f. 13 April 2026. (Present status operative) Suspended w.e.f. 06.03.2026
378,"SCIENTIFIC AND INDUSTRIAL TESTING AND RESEARCH CENTRE (SITARC), Coimbatore",Tamil Nadu,Private,6189206,27.10.2028,
379,"Spectro SSA Labs Private Limited, Navi Mumbai",Maharashtra,Private,7190106,09.11.2028,
380,"Samtek Testing Laboratory LLP, Lucknow",Uttar Pradesh,Private,9194336,18.12.2028,
381,"Standard Testing and Research Lab, Haridwar",Uttarakhand,Private,9197206,23.02.2029,
382,"TCR Engineering, Mumbai",Maharashtra,Private,7103506,31.12.2026,
383,"Testtex India Laboratories Pvt. Ltd, Mumbai",Maharashtra,Private,7126506,08.04.2028,
384,TUV Rheinland (India) Pvt. Ltd. Bangalore,Karnataka,Private,6126126,17.02.2028,Suspension revoked w.e.f. 25 Sep 2018. (Present status operative) Suspended w.e.f. 3 Aug 2018. Suspension revoked w.e.f. 23 July 2018. (Present status operative) Suspended w.e.f. 01 March 2018
385,"TUV India Private Limited, Pune",Maharashtra,Private,7133816,08.05.2028,
386,"Testtex India Laboratories Private Limited, Noida",U.P.,Private,8138306,31.12.2026,Suspension revoked w.e.f. 01-07-2020 SUSPENDED W.E.F. 20-02-2020.
387,"The National Small Industries Corporation Ltd, Chennai",Tamilnadu,Govt.,6135404,30.01.2029,
388,"Tag Corporation, Chennai",Tamilnadu,Private,6138806,10.01.2027,
389,"TUV India Pvt Ltd, Pune",Maharashtra,Private,7139026,31.12.2026,
390,"Trustin Analytical Solutions Pvt Limited, Chennai",Tamilnadu,Private,6139136,21.01.2027,
391,"TUV Rheinland (India) Pvt Ltd, Gurgaon",Haryana,Private,9140526,06.06.2027,
392,"TUV Rheinland (India) Pvt Limited (PV Module Testing laboratory), Bangalore",Karnataka,Private,6162126,10.09.2027,
393,"TUV Rheinland (India) Pvt Ltd, Gurgaon",Haryana,Private,8167106,19.01.2027,
394,"TUV Rheinland (India ) Pvt Ltd, Vishakhapatnam",A.P.,Private,6167206,03.02.2027,
395,"TUV India Pvt Ltd, Bengulur",Karnataka,Private,6169526,23.12.2027,
396,"TVS Labs, Delhi",Delhi,Private,8171826,18.10.2028,Suspension revoked w.e.f. 14-11-2025 Suspended w.e.f. 26.09.2025
397,"Techvision Testing Lab Private Limited, New Delhi",Delhi,Private,9173226,16.07.2026,
398,"Type Test Center Siemens Limited Kalwa, Navi Mumbai",Maharashtra,Private,7174421,07.11.2026,
399,Tentamus India Pvt. Ltd. (Formely Megsan Labs Pvt. Ltd.) Hyderabad,Telangana,Private,6177006,20.03.2027,
400,"TUV SUD South Asia Pvt. Ltd., Bengaluru",Karnataka,Private,6180126,11.09.2027,
401,"Test Master, Delhi",Delhi,Private,8180636,09.10.2027,
402,TATA STEEL,Jharkhand,Private,5182706,25.11.2027,
403,"TECHNOPOWER TECH SOLUTIONS LLP, Bhopal",Madhya Pradesh,Private,8187126,07.08.2028,
404,"TEKNOLAB QUALITY SERVICES PRIVATE LIMITED, Faridabad",Haryana,Private,8196926,19.02.2029,
405,"TUV Rheinland (India) Private limited, Material Testing Laboratory, Bengaluru",Karnataka,Private,6197936,01.04.2029,
406,"UL India Pvt Ltd, Gurgaon",Haryana,Private,8127226,07.08.2028,Suspension revoked w.e.f. 17-11-2017 Suspended w.e.f. 07- 06-2017
407,"UL India Pvt Ltd., Bangalore",Karnataka,Private,6120526,12.05.2027,Suspension revoked w.e.f. 23-03-2017 . (Present status operative) Suspended w.e.f. 24- 11-2016. Suspension revoked w.e.f. 10-11-2015 . Suspended w.e.f. 18 Aug 2015.
408,"Unique Test House LLP, Mohali",Punjab,Private,9134536,07.09.2028,
409,"URS Products & Testing Pvt Ltd, NOIDA",U.P.,Private,8136826,31.12.2026,Suspension revoked w.e.f. 21-06-2018 Suspended w.e.f. 25-01-2018.
410,"URS Products & Testing Pvt Ltd, NOIDA",U.P.,Private,8168906,26.09.2027,
411,"Universal Testing and Research Centre (Division of Sustainable Stewardship Private Limited), New Delhi",Delhi,Private,8169306,28.11.2027,
412,"Umwelt Research Lab Private Limited, Pune",Maharashtra,Private,7175516,26.12.2026,
413,"Ultra Plus Lubes Pvt. Ltd, Navi Mumbai",Maharashtra,Private,7185816,13.05.2028,
414,"Urja Metallurgical Services LLP, Pune",Maharashtra,Private,7194806,22.12.2028,
415,"UNITECH LABORATORIES SERVICES, Rajkot",Gujarat,Private,7196806,17.02.2029,
416,"Vimta Labs, Hyderabad",Telangana,Private,6102906,31.03.2028,
417,"VSIX Analytical Labs Private Limited, Bangalore",Karnataka,Private,6139316,18.03.2027,
418,"Vimta Labs Limited, Bangalore",Karnataka,Private,6164216,15.10.2028,Suspension revoked w.e.f. 16.07.2024 Suspended w.e.f. 20.05.2024
419,"Viridian Testing Laboratories, LLP, Tirupur",Tamilnadu,Private,6169806,20.02.2028,
420,"Vardan Envirolab, Gurgaon",Harayana,Private,8169616,26.12.2027,
421,"Vijai Electricals Limited, Haridwar",Uttrakhand,Private,9171026,14.07.2028,
422,"Vardhamana Testing Laboratory OPC Pvt. Ltd., Greater Noida",U.P.,Private,8178226,29.04.2027,
423,"Vimta labs limited, Noida",U.P,Private,8187316,12.08.2028,
424,"Vertex Testing Laboratory Pvt. Ltd. , Ghaziabad",U.P.,Private,8185906,22.05.2028,
425,"Winwall Technology India Private Limited, Chennai",Tamil Nadu,Private,6171906,10.04.2026,
426,"Well Tech Test and Research Center, Mohali",Punjab,Private,9177306,30.03.2027,
427,"Wakefield Inspection Services India Pvt. Ltd. , Mumbai",Maharashtra,Private,7182136,29.10.2025,
428,"Winwall Technology India Private Limited, Navi Mumbai",Maharashtra,Private,7189336,27.10.2028,
429,"Yadav Measurements P Ltd, Udaipur",Rajasthan,Private,8116426,31.05.2028,
430,"Yorlab LLP, Rajkot",Gujarat,Private,7188606,06.10.2028,
